onset	duration	nwb_table	HitR	HitL	ErrR	ErrL	NoLickR	NoLickL	LickEarly	StimTrials	PoleInTime	PoleOutTime	CueTime	GoodTrials	PhotostimulationType
390.453	5.4999500000000126	trials	0.0	0.0	0.0	0.0	0.0	0.0	0.0	0.0			[ nan 3.57]	False	0.0
399.348	5.4999500000000126	trials	0.0	0.0	0.0	0.0	0.0	0.0	0.0	0.0			[ nan 3.57]	False	0.0
408.216	5.4999500000000126	trials	0.0	0.0	0.0	0.0	0.0	0.0	0.0	0.0			[ nan 3.57]	False	0.0
417.389	5.4999500000000126	trials	0.0	0.0	0.0	0.0	0.0	0.0	0.0	0.0			[ nan 3.57]	False	0.0
426.232	5.4999500000000126	trials	0.0	0.0	0.0	0.0	0.0	0.0	0.0	0.0			[ nan 3.57]	False	0.0
435.109	5.4999500000000126	trials	0.0	0.0	0.0	0.0	0.0	0.0	0.0	0.0			[ nan 3.57]	False	0.0
446.471	5.4999500000000126	trials	0.0	0.0	0.0	0.0	0.0	0.0	0.0	0.0			[ nan 3.57]	False	0.0
455.339	5.4999500000000126	trials	0.0	0.0	0.0	0.0	0.0	0.0	0.0	0.0			[ nan 3.57]	False	0.0
466.666	5.4999500000000126	trials	0.0	0.0	0.0	0.0	0.0	0.0	0.0	0.0			[ nan 3.57]	False	0.0
478.21	5.4999500000000126	trials	0.0	0.0	0.0	0.0	0.0	0.0	0.0	0.0			[ nan 3.57]	False	0.0
487.061	5.4999500000000126	trials	0.0	0.0	0.0	0.0	0.0	0.0	0.0	0.0			[ nan 3.57]	False	0.0
495.884	5.4999500000000126	trials	0.0	0.0	0.0	0.0	0.0	0.0	0.0	0.0			[ nan 3.57]	False	0.0
504.744	5.4999500000000126	trials	0.0	0.0	0.0	0.0	0.0	0.0	0.0	0.0			[ nan 3.57]	False	0.0
513.62	5.4999500000000126	trials	0.0	0.0	0.0	0.0	0.0	0.0	0.0	0.0			[ nan 3.57]	False	0.0
524.986	5.4999500000000126	trials	0.0	0.0	0.0	0.0	0.0	0.0	0.0	0.0			[ nan 3.57]	False	0.0
536.386	5.4999500000000126	trials	0.0	0.0	0.0	0.0	0.0	0.0	0.0	0.0			[ nan 3.57]	False	0.0
545.249	5.4999500000000126	trials	0.0	0.0	0.0	0.0	0.0	0.0	0.0	0.0			[ nan 3.57]	False	0.0
554.173	5.4999500000000126	trials	0.0	0.0	0.0	0.0	0.0	0.0	0.0	0.0			[ nan 3.57]	False	0.0
566.508	5.4999500000000126	trials	0.0	0.0	0.0	0.0	0.0	0.0	0.0	0.0			[ nan 3.57]	False	0.0
576.392	5.4999500000000126	trials	0.0	0.0	0.0	0.0	0.0	0.0	0.0	0.0			[ nan 3.57]	False	0.0
587.745	5.4999500000000126	trials	0.0	0.0	0.0	0.0	0.0	0.0	0.0	0.0			[ nan 3.57]	False	0.0
597.819	5.4999500000000126	trials	0.0	0.0	0.0	0.0	0.0	0.0	0.0	0.0			[ nan 3.57]	False	0.0
607.252	5.4999500000000126	trials	0.0	0.0	0.0	0.0	0.0	0.0	0.0	0.0			[ nan 3.57]	False	0.0
619.936	5.4999500000000126	trials	0.0	0.0	0.0	0.0	0.0	0.0	0.0	0.0			[ nan 3.57]	False	0.0
631.342	5.4999500000000126	trials	0.0	0.0	0.0	0.0	0.0	0.0	0.0	0.0			[ nan 3.57]	False	0.0
642.701	5.4999500000000126	trials	0.0	0.0	0.0	0.0	0.0	0.0	0.0	0.0			[ nan 3.57]	False	0.0
652.024	5.4999500000000126	trials	0.0	0.0	0.0	0.0	0.0	0.0	0.0	0.0			[ nan 3.57]	False	0.0
661.392	5.499949999999899	trials	0.0	0.0	0.0	0.0	0.0	0.0	0.0	0.0			[ nan 3.57]	False	0.0
671.026	5.4999500000000126	trials	0.0	0.0	0.0	0.0	0.0	0.0	0.0	0.0			[ nan 3.57]	False	0.0
679.922	5.4999500000000126	trials	0.0	0.0	0.0	0.0	0.0	0.0	0.0	0.0			[ nan 3.57]	False	0.0
688.828	5.499949999999899	trials	0.0	0.0	0.0	0.0	0.0	0.0	0.0	0.0			[ nan 3.57]	False	0.0
699.269	5.4999500000000126	trials	0.0	0.0	0.0	0.0	0.0	0.0	0.0	0.0			[ nan 3.57]	False	0.0
708.18	5.4999500000000126	trials	0.0	0.0	0.0	0.0	0.0	0.0	0.0	0.0			[ nan 3.57]	False	0.0
717.041	5.4999500000000126	trials	0.0	0.0	0.0	0.0	0.0	0.0	0.0	0.0			[ nan 3.57]	False	0.0
726.012	5.4999500000000126	trials	0.0	0.0	0.0	0.0	0.0	0.0	0.0	0.0			[ nan 3.57]	False	0.0
735.176	5.4999500000000126	trials	0.0	0.0	0.0	0.0	0.0	0.0	0.0	0.0			[ nan 3.57]	False	0.0
746.664	5.4999500000000126	trials	0.0	0.0	0.0	0.0	0.0	0.0	0.0	0.0			[ nan 3.57]	False	0.0
755.57	5.4999500000000126	trials	0.0	0.0	0.0	0.0	0.0	0.0	0.0	0.0			[ nan 3.57]	False	0.0
766.931	5.4999500000000126	trials	0.0	0.0	0.0	0.0	0.0	0.0	0.0	0.0			[ nan 3.57]	False	0.0
775.879	5.4999500000000126	trials	0.0	0.0	0.0	0.0	0.0	0.0	0.0	0.0			[ nan 3.57]	False	0.0
784.762	5.4999500000000126	trials	1.0	0.0	0.0	0.0	0.0	0.0	0.0	0.0	0.57	1.87	[3.57 3.57]	True	0.0
793.678	5.4999500000000126	trials	0.0	0.0	0.0	1.0	0.0	0.0	1.0	1.0	0.57	1.87	[5.2192 5.2192]	True	2.0
806.697	5.4999500000000126	trials	1.0	0.0	0.0	0.0	0.0	0.0	0.0	0.0	0.57	1.87	[3.57 3.57]	True	0.0
815.603	5.4999500000000126	trials	1.0	0.0	0.0	0.0	0.0	0.0	0.0	0.0	0.57	1.87	[3.57 3.57]	True	0.0
824.49	5.4999500000000126	trials	0.0	1.0	0.0	0.0	0.0	0.0	0.0	0.0	0.57	1.87	[3.57 3.57]	True	0.0
833.757	5.4999500000000126	trials	0.0	0.0	1.0	0.0	0.0	0.0	0.0	1.0	0.57	1.87	[3.57 3.57]	True	1.0
845.117	5.4999500000000126	trials	0.0	0.0	1.0	0.0	0.0	0.0	0.0	0.0	0.57	1.87	[3.57 3.57]	True	0.0
856.5	5.4999500000000126	trials	1.0	0.0	0.0	0.0	0.0	0.0	0.0	0.0	0.57	1.87	[3.57 3.57]	True	0.0
865.412	5.4999500000000126	trials	1.0	0.0	0.0	0.0	0.0	0.0	0.0	0.0	0.57	1.87	[3.57 3.57]	True	0.0
874.294	5.4999500000000126	trials	0.0	0.0	0.0	1.0	0.0	0.0	0.0	0.0	0.57	1.87	[3.57 3.57]	True	0.0
885.653	5.4999500000000126	trials	0.0	1.0	0.0	0.0	0.0	0.0	0.0	0.0	0.57	1.87	[3.57 3.57]	True	0.0
894.595	5.4999500000000126	trials	1.0	0.0	0.0	0.0	0.0	0.0	0.0	1.0	0.57	1.87	[3.57 3.57]	True	2.0
903.494	5.4999500000000126	trials	0.0	1.0	0.0	0.0	0.0	0.0	0.0	1.0	0.57	1.87	[3.57 3.57]	True	1.0
917.933	5.4999500000000126	trials	1.0	0.0	0.0	0.0	0.0	0.0	0.0	1.0	0.57	1.87	[3.57 3.57]	True	3.0
926.86	5.4999500000000126	trials	1.0	0.0	0.0	0.0	0.0	0.0	0.0	0.0	0.57	1.87	[3.57 3.57]	True	0.0
935.768	5.4999500000000126	trials	0.0	0.0	0.0	1.0	0.0	0.0	0.0	1.0	0.57	1.87	[3.57 3.57]	True	2.0
947.18	5.4999500000000126	trials	0.0	0.0	0.0	1.0	0.0	0.0	0.0	0.0	0.57	1.87	[3.57 3.57]	True	0.0
958.557	5.4999500000000126	trials	0.0	1.0	0.0	0.0	0.0	0.0	0.0	1.0	0.57	1.87	[3.57 3.57]	True	1.0
972.845	5.4999500000000126	trials	0.0	0.0	0.0	1.0	0.0	0.0	0.0	1.0	0.57	1.87	[3.57 3.57]	True	2.0
984.233	5.4999500000000126	trials	0.0	1.0	0.0	0.0	0.0	0.0	0.0	1.0	0.57	1.87	[3.57 3.57]	True	3.0
993.118	5.4999500000000126	trials	1.0	0.0	0.0	0.0	0.0	0.0	1.0	1.0	0.57	3.0457	[4.7457 4.7457]	True	2.0
1003.205	5.4999500000000126	trials	1.0	0.0	0.0	0.0	0.0	0.0	0.0	0.0	0.57	1.87	[3.57 3.57]	True	0.0
1012.122	5.4999500000000126	trials	0.0	1.0	0.0	0.0	0.0	0.0	0.0	0.0	0.57	1.87	[3.57 3.57]	True	0.0
1021.236	5.4999500000000126	trials	1.0	0.0	0.0	0.0	0.0	0.0	0.0	1.0	0.57	1.87	[3.57 3.57]	True	2.0
1030.137	5.499950000000126	trials	0.0	1.0	0.0	0.0	0.0	0.0	0.0	0.0	0.57	1.87	[3.57 3.57]	True	0.0
1039.067	5.499949999999899	trials	1.0	0.0	0.0	0.0	0.0	0.0	0.0	0.0	0.57	1.87	[3.57 3.57]	True	0.0
1047.984	5.499949999999899	trials	0.0	0.0	0.0	1.0	0.0	0.0	0.0	0.0	0.57	1.87	[3.57 3.57]	True	0.0
1059.361	5.499950000000126	trials	0.0	1.0	0.0	0.0	0.0	0.0	0.0	0.0	0.57	1.87	[3.57 3.57]	True	0.0
1068.261	5.499949999999899	trials	1.0	0.0	0.0	0.0	0.0	0.0	0.0	0.0	0.57	1.87	[3.57 3.57]	True	0.0
1077.153	5.499950000000126	trials	0.0	1.0	0.0	0.0	0.0	0.0	0.0	0.0	0.57	1.87	[3.57 3.57]	True	0.0
1086.126	5.499950000000126	trials	0.0	1.0	0.0	0.0	0.0	0.0	0.0	0.0	0.57	1.87	[3.57 3.57]	True	0.0
1095.037	5.499950000000126	trials	1.0	0.0	0.0	0.0	0.0	0.0	0.0	0.0	0.57	1.87	[3.57 3.57]	True	0.0
1103.972	5.499950000000126	trials	0.0	1.0	0.0	0.0	0.0	0.0	0.0	0.0	0.57	1.87	[3.57 3.57]	True	0.0
1113.145	5.499949999999899	trials	0.0	1.0	0.0	0.0	0.0	0.0	0.0	0.0	0.57	1.87	[3.57 3.57]	True	0.0
1122.033	5.499949999999899	trials	1.0	0.0	0.0	0.0	0.0	0.0	0.0	0.0	0.57	1.87	[3.57 3.57]	True	0.0
1130.981	5.499950000000126	trials	0.0	1.0	0.0	0.0	0.0	0.0	0.0	0.0	0.57	1.87	[3.57 3.57]	True	0.0
1139.896	5.499949999999899	trials	0.0	1.0	0.0	0.0	0.0	0.0	0.0	0.0	0.57	1.87	[3.57 3.57]	True	0.0
1148.78	5.499950000000126	trials	1.0	0.0	0.0	0.0	0.0	0.0	0.0	0.0	0.57	1.87	[3.57 3.57]	True	0.0
1157.728	5.499949999999899	trials	1.0	0.0	0.0	0.0	0.0	0.0	0.0	1.0	0.57	1.87	[3.57 3.57]	True	1.0
1166.735	5.499950000000126	trials	0.0	0.0	0.0	1.0	0.0	0.0	0.0	0.0	0.57	1.87	[3.57 3.57]	True	0.0
1178.132	5.499949999999899	trials	0.0	0.0	0.0	1.0	0.0	0.0	0.0	1.0	0.57	1.87	[3.57 3.57]	True	3.0
1189.563	5.499949999999899	trials	0.0	0.0	0.0	1.0	0.0	0.0	0.0	0.0	0.57	1.87	[3.57 3.57]	True	0.0
1200.964	5.499949999999899	trials	0.0	1.0	0.0	0.0	0.0	0.0	0.0	1.0	0.57	1.87	[3.57 3.57]	True	1.0
1209.907	5.499950000000126	trials	0.0	1.0	0.0	0.0	0.0	0.0	0.0	0.0	0.57	1.87	[3.57 3.57]	True	0.0
1218.896	5.499950000000126	trials	0.0	0.0	1.0	0.0	0.0	0.0	0.0	0.0	0.57	1.87	[3.57 3.57]	True	0.0
1230.354	5.499950000000126	trials	0.0	1.0	0.0	0.0	0.0	0.0	0.0	0.0	0.57	1.87	[3.57 3.57]	True	0.0
1239.334	5.499950000000126	trials	0.0	1.0	0.0	0.0	0.0	0.0	0.0	0.0	0.57	1.87	[3.57 3.57]	True	0.0
1248.251	5.499950000000126	trials	1.0	0.0	0.0	0.0	0.0	0.0	0.0	1.0	0.57	1.87	[3.57 3.57]	True	1.0
1257.216	5.499949999999899	trials	1.0	0.0	0.0	0.0	0.0	0.0	0.0	1.0	0.57	1.87	[3.57 3.57]	True	1.0
1266.177	5.499950000000126	trials	0.0	1.0	0.0	0.0	0.0	0.0	0.0	0.0	0.57	1.87	[3.57 3.57]	True	0.0
1282.166	5.499950000000126	trials	0.0	0.0	0.0	1.0	0.0	0.0	0.0	0.0	0.57	1.87	[3.57 3.57]	True	0.0
1293.61	5.499950000000126	trials	1.0	0.0	0.0	0.0	0.0	0.0	0.0	0.0	0.57	1.87	[3.57 3.57]	True	0.0
1302.542	5.499949999999899	trials	0.0	1.0	0.0	0.0	0.0	0.0	0.0	0.0	0.57	1.87	[3.57 3.57]	True	0.0
1311.629	5.499949999999899	trials	0.0	0.0	0.0	1.0	0.0	0.0	0.0	0.0	0.57	1.87	[3.57 3.57]	True	0.0
1323.022	5.499949999999899	trials	1.0	0.0	0.0	0.0	0.0	0.0	0.0	1.0	0.57	1.87	[3.57 3.57]	True	2.0
1331.936	5.499950000000126	trials	0.0	1.0	0.0	0.0	0.0	0.0	0.0	0.0	0.57	1.87	[3.57 3.57]	True	0.0
1340.838	5.499950000000126	trials	0.0	1.0	0.0	0.0	0.0	0.0	0.0	0.0	0.57	1.87	[3.57 3.57]	True	0.0
1349.952	5.499950000000126	trials	1.0	0.0	0.0	0.0	0.0	0.0	0.0	1.0	0.57	1.87	[3.57 3.57]	True	2.0
1358.877	5.499949999999899	trials	0.0	0.0	0.0	1.0	0.0	0.0	0.0	1.0	0.57	1.87	[3.57 3.57]	True	3.0
1370.271	5.499950000000126	trials	0.0	1.0	0.0	0.0	0.0	0.0	0.0	1.0	0.57	1.87	[3.57 3.57]	True	2.0
1379.181	5.499949999999899	trials	1.0	0.0	0.0	0.0	0.0	0.0	0.0	0.0	0.57	1.87	[3.57 3.57]	True	0.0
1388.131	5.499950000000126	trials	1.0	0.0	0.0	0.0	0.0	0.0	0.0	1.0	0.57	1.87	[3.57 3.57]	True	3.0
1397.059	5.499950000000126	trials	0.0	0.0	0.0	1.0	0.0	0.0	0.0	1.0	0.57	1.87	[3.57 3.57]	True	2.0
1408.608	5.499949999999899	trials	1.0	0.0	0.0	0.0	0.0	0.0	0.0	1.0	0.57	1.87	[3.57 3.57]	True	1.0
1417.568	5.499950000000126	trials	1.0	0.0	0.0	0.0	0.0	0.0	0.0	0.0	0.57	1.87	[3.57 3.57]	True	0.0
1426.533	5.499949999999899	trials	0.0	0.0	0.0	1.0	0.0	0.0	0.0	1.0	0.57	1.87	[3.57 3.57]	True	1.0
1437.966	5.499949999999899	trials	0.0	1.0	0.0	0.0	0.0	0.0	0.0	1.0	0.57	1.87	[3.57 3.57]	True	2.0
1446.909	5.499949999999899	trials	0.0	1.0	0.0	0.0	0.0	0.0	0.0	0.0	0.57	1.87	[3.57 3.57]	True	0.0
1455.806	5.499949999999899	trials	1.0	0.0	0.0	0.0	0.0	0.0	0.0	0.0	0.57	1.87	[3.57 3.57]	True	0.0
1464.75	5.499949999999899	trials	0.0	1.0	0.0	0.0	0.0	0.0	0.0	0.0	0.57	1.87	[3.57 3.57]	True	0.0
1473.725	5.499949999999899	trials	1.0	0.0	0.0	0.0	0.0	0.0	0.0	0.0	0.57	1.87	[3.57 3.57]	True	0.0
1482.653	5.499950000000126	trials	0.0	1.0	0.0	0.0	0.0	0.0	0.0	1.0	0.57	1.87	[3.57 3.57]	True	1.0
1491.609	5.499949999999899	trials	0.0	0.0	0.0	1.0	0.0	0.0	0.0	0.0	0.57	1.87	[3.57 3.57]	True	0.0
1503.049	5.499950000000126	trials	1.0	0.0	0.0	0.0	0.0	0.0	0.0	0.0	0.57	1.87	[3.57 3.57]	True	0.0
1511.991	5.499949999999899	trials	0.0	0.0	0.0	1.0	0.0	0.0	0.0	0.0	0.57	1.87	[3.57 3.57]	True	0.0
1523.547	5.499950000000126	trials	0.0	1.0	0.0	0.0	0.0	0.0	0.0	0.0	0.57	1.87	[3.57 3.57]	True	0.0
1537.623	5.499949999999899	trials	0.0	0.0	0.0	1.0	0.0	0.0	0.0	0.0	0.57	1.87	[3.57 3.57]	True	0.0
1549.031	5.499949999999899	trials	0.0	1.0	0.0	0.0	0.0	0.0	0.0	0.0	0.57	1.87	[3.57 3.57]	True	0.0
1561.387	5.499949999999899	trials	1.0	0.0	0.0	0.0	0.0	0.0	0.0	0.0	0.57	1.87	[3.57 3.57]	True	0.0
1570.327	5.499950000000126	trials	0.0	0.0	0.0	1.0	0.0	0.0	0.0	1.0	0.57	1.87	[3.57 3.57]	True	3.0
1581.844	5.499950000000126	trials	1.0	0.0	0.0	0.0	0.0	0.0	0.0	0.0	0.57	1.87	[3.57 3.57]	True	0.0
1590.824	5.499950000000126	trials	0.0	1.0	0.0	0.0	0.0	0.0	0.0	0.0	0.57	1.87	[3.57 3.57]	True	0.0
1599.908	5.499949999999899	trials	0.0	1.0	0.0	0.0	0.0	0.0	0.0	0.0	0.57	1.87	[3.57 3.57]	True	0.0
1608.825	5.499949999999899	trials	0.0	0.0	1.0	0.0	0.0	0.0	0.0	1.0	0.57	1.87	[3.57 3.57]	True	2.0
1620.259	5.499950000000126	trials	0.0	1.0	0.0	0.0	0.0	0.0	0.0	0.0	0.57	1.87	[3.57 3.57]	True	0.0
1629.224	5.499949999999899	trials	0.0	1.0	0.0	0.0	0.0	0.0	0.0	1.0	0.57	1.87	[3.57 3.57]	True	3.0
1638.185	5.499950000000126	trials	1.0	0.0	0.0	0.0	0.0	0.0	0.0	1.0	0.57	1.87	[3.57 3.57]	True	1.0
1647.133	5.499949999999899	trials	1.0	0.0	0.0	0.0	0.0	0.0	1.0	1.0	0.57	1.87	[5.2027 5.2027]	True	2.0
1657.71	5.499950000000126	trials	0.0	1.0	0.0	0.0	0.0	0.0	0.0	0.0	0.57	1.87	[3.57 3.57]	True	0.0
1666.66	5.499949999999899	trials	1.0	0.0	0.0	0.0	0.0	0.0	0.0	0.0	0.57	1.87	[3.57 3.57]	True	0.0
1675.624	5.499949999999899	trials	0.0	0.0	0.0	1.0	0.0	0.0	0.0	1.0	0.57	1.87	[3.57 3.57]	True	3.0
1687.045	5.499949999999899	trials	0.0	0.0	0.0	1.0	0.0	0.0	1.0	0.0	0.57	1.87	[5.2942 5.2942]	True	0.0
1700.184	5.499949999999899	trials	0.0	0.0	0.0	0.0	0.0	1.0	0.0	0.0	0.57	1.87	[3.57 3.57]	True	0.0
1709.104	5.499949999999899	trials	0.0	1.0	0.0	0.0	0.0	0.0	0.0	0.0	0.57	1.87	[3.57 3.57]	True	0.0
1718.046	5.499949999999899	trials	0.0	1.0	0.0	0.0	0.0	0.0	0.0	1.0	0.57	1.87	[3.57 3.57]	True	1.0
1727.894	5.499950000000126	trials	1.0	0.0	0.0	0.0	0.0	0.0	0.0	0.0	0.57	1.87	[3.57 3.57]	True	0.0
1736.864	5.499950000000126	trials	0.0	0.0	0.0	1.0	0.0	0.0	0.0	1.0	0.57	1.87	[3.57 3.57]	True	1.0
1748.32	5.499949999999899	trials	1.0	0.0	0.0	0.0	0.0	0.0	0.0	0.0	0.57	1.87	[3.57 3.57]	True	0.0
1757.333	5.499949999999899	trials	0.0	1.0	0.0	0.0	0.0	0.0	0.0	0.0	0.57	1.87	[3.57 3.57]	True	0.0
1766.281	5.499949999999899	trials	0.0	1.0	0.0	0.0	0.0	0.0	0.0	0.0	0.57	1.87	[3.57 3.57]	True	0.0
1775.223	5.499949999999899	trials	1.0	0.0	0.0	0.0	0.0	0.0	0.0	1.0	0.57	1.87	[3.57 3.57]	True	1.0
1784.507	5.499950000000126	trials	0.0	0.0	0.0	1.0	0.0	0.0	0.0	0.0	0.57	1.87	[3.57 3.57]	True	0.0
1795.974	5.499950000000126	trials	1.0	0.0	0.0	0.0	0.0	0.0	0.0	1.0	0.57	1.87	[3.57 3.57]	True	2.0
1804.932	5.499950000000126	trials	0.0	1.0	0.0	0.0	0.0	0.0	0.0	1.0	0.57	1.87	[3.57 3.57]	True	2.0
1815.613	5.499950000000126	trials	0.0	0.0	0.0	1.0	0.0	0.0	0.0	1.0	0.57	1.87	[3.57 3.57]	True	3.0
1827.078	5.499949999999899	trials	1.0	0.0	0.0	0.0	0.0	0.0	0.0	0.0	0.57	1.87	[3.57 3.57]	True	0.0
1836.076	5.499949999999899	trials	0.0	1.0	0.0	0.0	0.0	0.0	0.0	0.0	0.57	1.87	[3.57 3.57]	True	0.0
1845.207	5.499949999999899	trials	0.0	0.0	0.0	1.0	0.0	0.0	0.0	1.0	0.57	1.87	[3.57 3.57]	True	3.0
1856.661	5.499950000000126	trials	1.0	0.0	0.0	0.0	0.0	0.0	0.0	1.0	0.57	1.87	[3.57 3.57]	True	2.0
1865.659	5.499949999999899	trials	0.0	1.0	0.0	0.0	0.0	0.0	0.0	1.0	0.57	1.87	[3.57 3.57]	True	1.0
1874.6	5.499949999999899	trials	0.0	1.0	0.0	0.0	0.0	0.0	0.0	0.0	0.57	1.87	[3.57 3.57]	True	0.0
1883.706	5.499949999999899	trials	1.0	0.0	0.0	0.0	0.0	0.0	0.0	0.0	0.57	1.87	[3.57 3.57]	True	0.0
1892.803	5.499949999999899	trials	0.0	1.0	0.0	0.0	0.0	0.0	0.0	1.0	0.57	1.87	[3.57 3.57]	True	1.0
1901.78	5.499950000000126	trials	0.0	0.0	1.0	0.0	0.0	0.0	0.0	0.0	0.57	1.87	[3.57 3.57]	True	0.0
1913.217	5.499950000000126	trials	0.0	0.0	1.0	0.0	0.0	0.0	0.0	0.0	0.57	1.87	[3.57 3.57]	True	0.0
1924.69	5.499949999999899	trials	1.0	0.0	0.0	0.0	0.0	0.0	0.0	1.0	0.57	1.87	[3.57 3.57]	True	2.0
1933.66	5.499949999999899	trials	1.0	0.0	0.0	0.0	0.0	0.0	0.0	0.0	0.57	1.87	[3.57 3.57]	True	0.0
1942.61	5.499950000000126	trials	0.0	1.0	0.0	0.0	0.0	0.0	0.0	1.0	0.57	1.87	[3.57 3.57]	True	1.0
1954.037	5.499949999999899	trials	1.0	0.0	0.0	0.0	0.0	0.0	0.0	1.0	0.57	1.87	[3.57 3.57]	True	2.0
1963.026	5.499950000000126	trials	0.0	1.0	0.0	0.0	0.0	0.0	0.0	1.0	0.57	1.87	[3.57 3.57]	True	3.0
1972.106	5.499949999999899	trials	0.0	0.0	0.0	1.0	0.0	0.0	0.0	1.0	0.57	1.87	[3.57 3.57]	True	2.0
1983.601	5.499949999999899	trials	1.0	0.0	0.0	0.0	0.0	0.0	0.0	0.0	0.57	1.87	[3.57 3.57]	True	0.0
1992.596	5.499949999999899	trials	1.0	0.0	0.0	0.0	0.0	0.0	0.0	1.0	0.57	1.87	[3.57 3.57]	True	3.0
2001.617	5.499950000000126	trials	0.0	0.0	0.0	1.0	0.0	0.0	0.0	1.0	0.57	1.87	[3.57 3.57]	True	2.0
2013.094	5.499949999999899	trials	0.0	1.0	0.0	0.0	0.0	0.0	0.0	1.0	0.57	1.87	[3.57 3.57]	True	1.0
2022.183	5.499949999999899	trials	0.0	0.0	0.0	0.0	0.0	1.0	0.0	0.0	0.57	1.87	[3.57 3.57]	True	0.0
2031.155	5.499950000000126	trials	0.0	0.0	0.0	1.0	0.0	0.0	0.0	1.0	0.57	1.87	[3.57 3.57]	True	1.0
2042.659	5.499949999999899	trials	0.0	1.0	0.0	0.0	0.0	0.0	0.0	0.0	0.57	1.87	[3.57 3.57]	True	0.0
2064.886	5.499949999999899	trials	0.0	0.0	0.0	1.0	0.0	0.0	0.0	1.0	0.57	1.87	[3.57 3.57]	True	3.0
2076.396	5.499949999999899	trials	0.0	1.0	0.0	0.0	0.0	0.0	0.0	0.0	0.57	1.87	[3.57 3.57]	True	0.0
2085.405	5.499949999999899	trials	1.0	0.0	0.0	0.0	0.0	0.0	0.0	0.0	0.57	1.87	[3.57 3.57]	True	0.0
2094.399	5.499949999999899	trials	0.0	0.0	0.0	1.0	0.0	0.0	0.0	1.0	0.57	1.87	[3.57 3.57]	True	3.0
2105.852	5.499949999999899	trials	1.0	0.0	0.0	0.0	0.0	0.0	0.0	1.0	0.57	1.87	[3.57 3.57]	True	2.0
2114.834	5.499949999999899	trials	0.0	1.0	0.0	0.0	0.0	0.0	0.0	1.0	0.57	1.87	[3.57 3.57]	True	1.0
2123.867	5.499950000000354	trials	0.0	1.0	0.0	0.0	0.0	0.0	0.0	0.0	0.57	1.87	[3.57 3.57]	True	0.0
2134.436	5.499949999999899	trials	1.0	0.0	0.0	0.0	0.0	0.0	0.0	0.0	0.57	1.87	[3.57 3.57]	True	0.0
2143.431	5.499949999999899	trials	0.0	1.0	0.0	0.0	0.0	0.0	0.0	1.0	0.57	1.87	[3.57 3.57]	True	2.0
2152.49	5.499949999999899	trials	1.0	0.0	0.0	0.0	0.0	0.0	0.0	0.0	0.57	1.87	[3.57 3.57]	True	0.0
2161.497	5.499949999999899	trials	0.0	1.0	0.0	0.0	0.0	0.0	0.0	0.0	0.57	1.87	[3.57 3.57]	True	0.0
2171.177	5.499949999999899	trials	0.0	1.0	0.0	0.0	0.0	0.0	0.0	0.0	0.57	1.87	[3.57 3.57]	True	0.0
2180.212	5.499949999999899	trials	0.0	0.0	1.0	0.0	0.0	0.0	0.0	0.0	0.57	1.87	[3.57 3.57]	True	0.0
2191.668	5.499949999999899	trials	0.0	1.0	0.0	0.0	0.0	0.0	0.0	0.0	0.57	1.87	[3.57 3.57]	True	0.0
2200.673	5.499949999999899	trials	0.0	1.0	0.0	0.0	0.0	0.0	0.0	1.0	0.57	1.87	[3.57 3.57]	True	1.0
2209.725	5.499949999999899	trials	0.0	0.0	1.0	0.0	0.0	0.0	0.0	0.0	0.57	1.87	[3.57 3.57]	True	0.0
2221.246	5.499949999999899	trials	1.0	0.0	0.0	0.0	0.0	0.0	0.0	0.0	0.57	1.87	[3.57 3.57]	True	0.0
2230.271	5.499949999999899	trials	1.0	0.0	0.0	0.0	0.0	0.0	0.0	0.0	0.57	1.87	[3.57 3.57]	True	0.0
2239.255	5.499950000000354	trials	0.0	1.0	0.0	0.0	0.0	0.0	0.0	0.0	0.57	1.87	[3.57 3.57]	True	0.0
2248.246	5.499949999999899	trials	0.0	1.0	0.0	0.0	0.0	0.0	0.0	0.0	0.57	1.87	[3.57 3.57]	True	0.0
2257.252	5.499949999999899	trials	1.0	0.0	0.0	0.0	0.0	0.0	0.0	0.0	0.57	1.87	[3.57 3.57]	True	0.0
2266.293	5.499949999999899	trials	1.0	0.0	0.0	0.0	0.0	0.0	0.0	0.0	0.57	1.87	[3.57 3.57]	True	0.0
2275.424	5.499950000000354	trials	0.0	1.0	0.0	0.0	0.0	0.0	0.0	1.0	0.57	1.87	[3.57 3.57]	True	2.0
2284.418	5.499949999999899	trials	0.0	1.0	0.0	0.0	0.0	0.0	0.0	1.0	0.57	1.87	[3.57 3.57]	True	1.0
2293.723	5.499949999999899	trials	1.0	0.0	0.0	0.0	0.0	0.0	0.0	1.0	0.57	1.87	[3.57 3.57]	True	3.0
2302.726	5.499949999999899	trials	1.0	0.0	0.0	0.0	0.0	0.0	0.0	1.0	0.57	1.87	[3.57 3.57]	True	1.0
2311.724	5.499950000000354	trials	0.0	1.0	0.0	0.0	0.0	0.0	0.0	0.0	0.57	1.87	[3.57 3.57]	True	0.0
2320.738	5.499949999999899	trials	0.0	1.0	0.0	0.0	0.0	0.0	0.0	0.0	0.57	1.87	[3.57 3.57]	True	0.0
2329.728	5.499949999999899	trials	1.0	0.0	0.0	0.0	0.0	0.0	0.0	0.0	0.57	1.87	[3.57 3.57]	True	0.0
2338.717	5.499949999999899	trials	1.0	0.0	0.0	0.0	0.0	0.0	0.0	0.0	0.57	1.87	[3.57 3.57]	True	0.0
2347.786	5.499949999999899	trials	0.0	0.0	0.0	1.0	0.0	0.0	0.0	0.0	0.57	1.87	[3.57 3.57]	True	0.0
2359.274	5.499949999999899	trials	1.0	0.0	0.0	0.0	0.0	0.0	0.0	0.0	0.57	1.87	[3.57 3.57]	True	0.0
2368.275	5.499949999999899	trials	0.0	1.0	0.0	0.0	0.0	0.0	0.0	1.0	0.57	1.87	[3.57 3.57]	True	2.0
2378.383	5.499950000000354	trials	1.0	0.0	0.0	0.0	0.0	0.0	0.0	1.0	0.57	1.87	[3.57 3.57]	True	3.0
2387.418	5.499949999999899	trials	1.0	0.0	0.0	0.0	0.0	0.0	0.0	1.0	0.57	1.87	[3.57 3.57]	True	1.0
2396.407	5.499950000000354	trials	0.0	0.0	0.0	1.0	0.0	0.0	0.0	0.0	0.57	1.87	[3.57 3.57]	True	0.0
2407.914	5.499949999999899	trials	0.0	0.0	0.0	1.0	0.0	0.0	0.0	1.0	0.57	1.87	[3.57 3.57]	True	3.0
2419.423	5.499949999999899	trials	0.0	0.0	0.0	1.0	0.0	0.0	0.0	0.0	0.57	1.87	[3.57 3.57]	True	0.0
2430.926	5.499949999999899	trials	0.0	1.0	0.0	0.0	0.0	0.0	0.0	1.0	0.57	1.87	[3.57 3.57]	True	1.0
2439.976	5.499949999999899	trials	0.0	0.0	0.0	1.0	0.0	0.0	0.0	1.0	0.57	1.87	[3.57 3.57]	True	3.0
2451.482	5.499950000000354	trials	0.0	0.0	0.0	1.0	0.0	0.0	0.0	0.0	0.57	1.87	[3.57 3.57]	True	0.0
2463.007	5.499949999999899	trials	0.0	0.0	0.0	1.0	0.0	0.0	0.0	0.0	0.57	1.87	[3.57 3.57]	True	0.0
2474.571	5.499949999999899	trials	0.0	1.0	0.0	0.0	0.0	0.0	0.0	0.0	0.57	1.87	[3.57 3.57]	True	0.0
2496.154	5.499949999999899	trials	0.0	1.0	0.0	0.0	0.0	0.0	0.0	1.0	0.57	1.87	[3.57 3.57]	True	2.0
2507.502	5.499950000000354	trials	1.0	0.0	0.0	0.0	0.0	0.0	0.0	0.0	0.57	1.87	[3.57 3.57]	True	0.0
2516.583	5.499950000000354	trials	0.0	0.0	0.0	1.0	0.0	0.0	0.0	0.0	0.57	1.87	[3.57 3.57]	True	0.0
2528.085	5.499950000000354	trials	0.0	1.0	0.0	0.0	0.0	0.0	0.0	0.0	0.57	1.87	[3.57 3.57]	True	0.0
2537.103	5.499949999999899	trials	1.0	0.0	0.0	0.0	0.0	0.0	0.0	0.0	0.57	1.87	[3.57 3.57]	True	0.0
2546.081	5.499950000000354	trials	0.0	1.0	0.0	0.0	0.0	0.0	0.0	0.0	0.57	1.87	[3.57 3.57]	True	0.0
2556.668	5.499949999999899	trials	0.0	0.0	0.0	1.0	0.0	0.0	0.0	0.0	0.57	1.87	[3.57 3.57]	True	0.0
2568.172	5.499950000000354	trials	1.0	0.0	0.0	0.0	0.0	0.0	0.0	0.0	0.57	1.87	[3.57 3.57]	True	0.0
2577.22	5.499949999999899	trials	0.0	1.0	0.0	0.0	0.0	0.0	0.0	0.0	0.57	1.87	[3.57 3.57]	True	0.0
2586.286	5.499949999999899	trials	0.0	0.0	1.0	0.0	0.0	0.0	0.0	0.0	0.57	1.87	[3.57 3.57]	True	0.0
2597.891	5.499949999999899	trials	0.0	1.0	0.0	0.0	0.0	0.0	0.0	1.0	0.57	1.87	[3.57 3.57]	True	1.0
2607.874	5.499949999999899	trials	1.0	0.0	0.0	0.0	0.0	0.0	0.0	1.0	0.57	1.87	[3.57 3.57]	True	3.0
2616.913	5.499949999999899	trials	0.0	1.0	0.0	0.0	0.0	0.0	0.0	0.0	0.57	1.87	[3.57 3.57]	True	0.0
2626.076	5.499950000000354	trials	0.0	1.0	0.0	0.0	0.0	0.0	0.0	1.0	0.57	1.87	[3.57 3.57]	True	2.0
2635.103	5.499950000000354	trials	1.0	0.0	0.0	0.0	0.0	0.0	0.0	0.0	0.57	1.87	[3.57 3.57]	True	0.0
2644.157	5.499949999999899	trials	0.0	1.0	0.0	0.0	0.0	0.0	0.0	0.0	0.57	1.87	[3.57 3.57]	True	0.0
2653.239	5.499949999999899	trials	0.0	1.0	0.0	0.0	0.0	0.0	0.0	0.0	0.57	1.87	[3.57 3.57]	True	0.0
2662.43	5.499949999999899	trials	1.0	0.0	0.0	0.0	0.0	0.0	0.0	1.0	0.57	1.87	[3.57 3.57]	True	3.0
2671.437	5.499949999999899	trials	0.0	1.0	0.0	0.0	0.0	0.0	0.0	1.0	0.57	1.87	[3.57 3.57]	True	2.0
2680.617	5.499950000000354	trials	0.0	1.0	0.0	0.0	0.0	0.0	0.0	0.0	0.57	1.87	[3.57 3.57]	True	0.0
2689.726	5.499949999999899	trials	1.0	0.0	0.0	0.0	0.0	0.0	0.0	0.0	0.57	1.87	[3.57 3.57]	True	0.0
2698.901	5.499949999999899	trials	0.0	1.0	0.0	0.0	0.0	0.0	0.0	0.0	0.57	1.87	[3.57 3.57]	True	0.0
2708.002	5.499950000000354	trials	0.0	1.0	0.0	0.0	0.0	0.0	0.0	0.0	0.57	1.87	[3.57 3.57]	True	0.0
2717.128	5.499949999999899	trials	1.0	0.0	0.0	0.0	0.0	0.0	0.0	0.0	0.57	1.87	[3.57 3.57]	True	0.0
2726.196	5.499950000000354	trials	1.0	0.0	0.0	0.0	0.0	0.0	0.0	0.0	0.57	1.87	[3.57 3.57]	True	0.0
2735.258	5.499949999999899	trials	0.0	0.0	0.0	1.0	0.0	0.0	0.0	0.0	0.57	1.87	[3.57 3.57]	True	0.0
2746.836	5.499949999999899	trials	1.0	0.0	0.0	0.0	0.0	0.0	0.0	0.0	0.57	1.87	[3.57 3.57]	True	0.0
2755.889	5.499949999999899	trials	0.0	1.0	0.0	0.0	0.0	0.0	0.0	0.0	0.57	1.87	[3.57 3.57]	True	0.0
2764.93	5.499949999999899	trials	0.0	1.0	0.0	0.0	0.0	0.0	0.0	0.0	0.57	1.87	[3.57 3.57]	True	0.0
2773.98	5.499949999999899	trials	1.0	0.0	0.0	0.0	0.0	0.0	0.0	0.0	0.57	1.87	[3.57 3.57]	True	0.0
2783.056	5.499950000000354	trials	1.0	0.0	0.0	0.0	0.0	0.0	0.0	0.0	0.57	1.87	[3.57 3.57]	True	0.0
2792.143	5.499950000000354	trials	0.0	0.0	0.0	1.0	0.0	0.0	0.0	0.0	0.57	1.87	[3.57 3.57]	True	0.0
2803.666	5.499949999999899	trials	1.0	0.0	0.0	0.0	0.0	0.0	0.0	0.0	0.57	1.87	[3.57 3.57]	True	0.0
2812.719	5.499949999999899	trials	0.0	1.0	0.0	0.0	0.0	0.0	0.0	0.0	0.57	1.87	[3.57 3.57]	True	0.0
2821.767	5.499949999999899	trials	1.0	0.0	0.0	0.0	0.0	0.0	0.0	0.0	0.57	1.87	[3.57 3.57]	True	0.0
2830.879	5.499949999999899	trials	0.0	0.0	0.0	1.0	0.0	0.0	0.0	1.0	0.57	1.87	[3.57 3.57]	True	3.0
2842.392	5.499949999999899	trials	0.0	1.0	0.0	0.0	0.0	0.0	0.0	0.0	0.57	1.87	[3.57 3.57]	True	0.0
2851.457	5.499950000000354	trials	1.0	0.0	0.0	0.0	0.0	0.0	0.0	0.0	0.57	1.87	[3.57 3.57]	True	0.0
2860.531	5.499949999999899	trials	0.0	0.0	0.0	1.0	0.0	0.0	0.0	0.0	0.57	1.87	[3.57 3.57]	True	0.0
2872.056	5.499949999999899	trials	0.0	0.0	0.0	1.0	0.0	0.0	0.0	0.0	0.57	1.87	[3.57 3.57]	True	0.0
2883.586	5.499949999999899	trials	0.0	1.0	0.0	0.0	0.0	0.0	0.0	0.0	0.57	1.87	[3.57 3.57]	True	0.0
2892.634	5.499949999999899	trials	0.0	1.0	0.0	0.0	0.0	0.0	0.0	0.0	0.57	1.87	[3.57 3.57]	True	0.0
2901.709	5.499949999999899	trials	1.0	0.0	0.0	0.0	0.0	0.0	0.0	0.0	0.57	1.87	[3.57 3.57]	True	0.0
2910.78	5.499950000000354	trials	0.0	1.0	0.0	0.0	0.0	0.0	0.0	0.0	0.57	1.87	[3.57 3.57]	True	0.0
2919.854	5.499949999999899	trials	0.0	0.0	1.0	0.0	0.0	0.0	0.0	0.0	0.57	1.87	[3.57 3.57]	True	0.0
2931.496	5.499950000000354	trials	0.0	1.0	0.0	0.0	0.0	0.0	0.0	0.0	0.57	1.87	[3.57 3.57]	True	0.0
2941.175	5.499950000000354	trials	0.0	1.0	0.0	0.0	0.0	0.0	0.0	0.0	0.57	1.87	[3.57 3.57]	True	0.0
2955.365	5.499949999999899	trials	1.0	0.0	0.0	0.0	0.0	0.0	0.0	1.0	0.57	1.87	[3.57 3.57]	True	3.0
2964.658	5.499949999999899	trials	0.0	1.0	0.0	0.0	0.0	0.0	0.0	0.0	0.57	1.87	[3.57 3.57]	True	0.0
2974.169	5.499949999999899	trials	0.0	1.0	0.0	0.0	0.0	0.0	0.0	1.0	0.57	1.87	[3.57 3.57]	True	1.0
2984.848	5.499949999999899	trials	0.0	0.0	1.0	0.0	0.0	0.0	0.0	0.0	0.57	1.87	[3.57 3.57]	True	0.0
2996.385	5.499949999999899	trials	0.0	1.0	0.0	0.0	0.0	0.0	0.0	0.0	0.57	1.87	[3.57 3.57]	True	0.0
3013.129	5.499949999999899	trials	1.0	0.0	0.0	0.0	0.0	0.0	0.0	0.0	0.57	1.87	[3.57 3.57]	True	0.0
3022.229	5.499949999999899	trials	0.0	1.0	0.0	0.0	0.0	0.0	0.0	0.0	0.57	1.87	[3.57 3.57]	True	0.0
3031.837	5.499950000000354	trials	0.0	0.0	1.0	0.0	0.0	0.0	0.0	0.0	0.57	1.87	[3.57 3.57]	True	0.0
3043.356	5.499949999999899	trials	0.0	1.0	0.0	0.0	0.0	0.0	0.0	0.0	0.57	1.87	[3.57 3.57]	True	0.0
3052.439	5.499949999999899	trials	0.0	0.0	1.0	0.0	0.0	0.0	0.0	1.0	0.57	1.87	[3.57 3.57]	True	3.0
3064.127	5.499949999999899	trials	0.0	0.0	1.0	0.0	0.0	0.0	0.0	0.0	0.57	1.87	[3.57 3.57]	True	0.0
3075.684	5.499950000000354	trials	0.0	0.0	1.0	0.0	0.0	0.0	0.0	0.0	0.57	1.87	[3.57 3.57]	True	0.0
3087.232	5.499949999999899	trials	1.0	0.0	0.0	0.0	0.0	0.0	0.0	0.0	0.57	1.87	[3.57 3.57]	True	0.0
3096.32	5.499949999999899	trials	1.0	0.0	0.0	0.0	0.0	0.0	0.0	1.0	0.57	1.87	[3.57 3.57]	True	1.0
3105.454	5.499949999999899	trials	0.0	0.0	0.0	1.0	0.0	0.0	0.0	0.0	0.57	1.87	[3.57 3.57]	True	0.0
3117.116	5.499950000000354	trials	0.0	1.0	0.0	0.0	0.0	0.0	0.0	1.0	0.57	1.87	[3.57 3.57]	True	3.0
3127.845	5.499950000000354	trials	1.0	0.0	0.0	0.0	0.0	0.0	0.0	1.0	0.57	1.87	[3.57 3.57]	True	1.0
3136.924	5.499949999999899	trials	1.0	0.0	0.0	0.0	0.0	0.0	0.0	0.0	0.57	1.87	[3.57 3.57]	True	0.0
3146.035	5.499949999999899	trials	0.0	0.0	0.0	1.0	0.0	0.0	0.0	0.0	0.57	1.87	[3.57 3.57]	True	0.0
3157.601	5.499949999999899	trials	0.0	0.0	0.0	1.0	0.0	0.0	0.0	0.0	0.57	1.87	[3.57 3.57]	True	0.0
3169.217	5.499949999999899	trials	0.0	1.0	0.0	0.0	0.0	0.0	0.0	0.0	0.57	1.87	[3.57 3.57]	True	0.0
3178.303	5.499949999999899	trials	0.0	1.0	0.0	0.0	0.0	0.0	0.0	0.0	0.57	1.87	[3.57 3.57]	True	0.0
3187.352	5.499950000000354	trials	1.0	0.0	0.0	0.0	0.0	0.0	0.0	0.0	0.57	1.87	[3.57 3.57]	True	0.0
3196.421	5.499949999999899	trials	1.0	0.0	0.0	0.0	0.0	0.0	1.0	0.0	0.57	1.87	[4.8971 4.8971]	True	0.0
3206.863	5.499949999999899	trials	0.0	0.0	0.0	0.0	0.0	1.0	0.0	0.0	0.57	1.87	[3.57 3.57]	True	0.0
3215.903	5.499949999999899	trials	1.0	0.0	0.0	0.0	0.0	0.0	0.0	0.0	0.57	1.87	[3.57 3.57]	True	0.0
3225.056	5.499950000000354	trials	0.0	0.0	0.0	1.0	0.0	0.0	0.0	1.0	0.57	1.87	[3.57 3.57]	True	3.0
3236.694	5.499949999999899	trials	0.0	1.0	0.0	0.0	0.0	0.0	0.0	0.0	0.57	1.87	[3.57 3.57]	True	0.0
3245.911	5.499949999999899	trials	0.0	1.0	0.0	0.0	0.0	0.0	0.0	1.0	0.57	1.87	[3.57 3.57]	True	2.0
3255.001	5.499949999999899	trials	1.0	0.0	0.0	0.0	0.0	0.0	0.0	1.0	0.57	1.87	[3.57 3.57]	True	3.0
3265.392	5.499949999999899	trials	0.0	1.0	0.0	0.0	0.0	0.0	0.0	0.0	0.57	1.87	[3.57 3.57]	True	0.0
3274.466	5.499950000000354	trials	0.0	1.0	0.0	0.0	0.0	0.0	0.0	1.0	0.57	1.87	[3.57 3.57]	True	2.0
3283.696	5.499949999999899	trials	1.0	0.0	0.0	0.0	0.0	0.0	0.0	1.0	0.57	1.87	[3.57 3.57]	True	3.0
3292.807	5.499949999999899	trials	0.0	1.0	0.0	0.0	0.0	0.0	0.0	0.0	0.57	1.87	[3.57 3.57]	True	0.0
3301.889	5.499949999999899	trials	0.0	1.0	0.0	0.0	0.0	0.0	0.0	0.0	0.57	1.87	[3.57 3.57]	True	0.0
3310.958	5.499949999999899	trials	1.0	0.0	0.0	0.0	0.0	0.0	0.0	1.0	0.57	1.87	[3.57 3.57]	True	3.0
3320.072	5.499949999999899	trials	0.0	1.0	0.0	0.0	0.0	0.0	0.0	0.0	0.57	1.87	[3.57 3.57]	True	0.0
3329.232	5.499950000000354	trials	0.0	1.0	0.0	0.0	0.0	0.0	0.0	0.0	0.57	1.87	[3.57 3.57]	True	0.0
3338.422	5.499949999999899	trials	1.0	0.0	0.0	0.0	0.0	0.0	0.0	0.0	0.57	1.87	[3.57 3.57]	True	0.0
3347.544	5.499949999999899	trials	0.0	1.0	0.0	0.0	0.0	0.0	0.0	0.0	0.57	1.87	[3.57 3.57]	True	0.0
3357.735	5.499949999999899	trials	0.0	1.0	0.0	0.0	0.0	0.0	0.0	1.0	0.57	1.87	[3.57 3.57]	True	2.0
3378.687	5.499949999999899	trials	1.0	0.0	0.0	0.0	0.0	0.0	0.0	1.0	0.57	1.87	[3.57 3.57]	True	3.0
3387.793	5.499950000000354	trials	0.0	0.0	0.0	1.0	0.0	0.0	0.0	1.0	0.57	1.87	[3.57 3.57]	True	1.0
3399.364	5.499949999999899	trials	0.0	1.0	0.0	0.0	0.0	0.0	0.0	0.0	0.57	1.87	[3.57 3.57]	True	0.0
3417.003	5.499949999999899	trials	1.0	0.0	0.0	0.0	0.0	0.0	1.0	0.0	0.57	2.0709	[3.7709 3.7709]	True	0.0
3426.283	5.499949999999899	trials	0.0	0.0	0.0	1.0	0.0	0.0	0.0	1.0	0.57	1.87	[3.57 3.57]	True	1.0
3437.88	5.499949999999899	trials	1.0	0.0	0.0	0.0	0.0	0.0	0.0	0.0	0.57	1.87	[3.57 3.57]	True	0.0
3446.998	5.499949999999899	trials	1.0	0.0	0.0	0.0	0.0	0.0	0.0	0.0	0.57	1.87	[3.57 3.57]	True	0.0
3456.094	5.499949999999899	trials	0.0	1.0	0.0	0.0	0.0	0.0	0.0	1.0	0.57	1.87	[3.57 3.57]	True	2.0
3465.209	5.499950000000354	trials	0.0	1.0	0.0	0.0	0.0	0.0	0.0	0.0	0.57	1.87	[3.57 3.57]	True	0.0
3474.308	5.499949999999899	trials	1.0	0.0	0.0	0.0	0.0	0.0	0.0	0.0	0.57	1.87	[3.57 3.57]	True	0.0
3483.435	5.499950000000354	trials	0.0	1.0	0.0	0.0	0.0	0.0	0.0	1.0	0.57	1.87	[3.57 3.57]	True	2.0
3492.568	5.499949999999899	trials	1.0	0.0	0.0	0.0	0.0	0.0	0.0	1.0	0.57	1.87	[3.57 3.57]	True	2.0
3502.079	5.499949999999899	trials	0.0	1.0	0.0	0.0	0.0	0.0	0.0	0.0	0.57	1.87	[3.57 3.57]	True	0.0
3511.986	5.499950000000354	trials	0.0	1.0	0.0	0.0	0.0	0.0	0.0	0.0	0.57	1.87	[3.57 3.57]	True	0.0
3521.105	5.499949999999899	trials	1.0	0.0	0.0	0.0	0.0	0.0	0.0	1.0	0.57	1.87	[3.57 3.57]	True	2.0
3530.23	5.499949999999899	trials	1.0	0.0	0.0	0.0	0.0	0.0	0.0	1.0	0.57	1.87	[3.57 3.57]	True	3.0
3539.318	5.499950000000354	trials	0.0	0.0	0.0	1.0	0.0	0.0	0.0	1.0	0.57	1.87	[3.57 3.57]	True	2.0
3550.888	5.499949999999899	trials	1.0	0.0	0.0	0.0	0.0	0.0	0.0	1.0	0.57	1.87	[3.57 3.57]	True	2.0
3560.037	5.499949999999899	trials	0.0	1.0	0.0	0.0	0.0	0.0	0.0	1.0	0.57	1.87	[3.57 3.57]	True	3.0
3569.176	5.499949999999899	trials	1.0	0.0	0.0	0.0	0.0	0.0	0.0	0.0	0.57	1.87	[3.57 3.57]	True	0.0
3578.314	5.499949999999899	trials	1.0	0.0	0.0	0.0	0.0	0.0	0.0	1.0	0.57	1.87	[3.57 3.57]	True	2.0
3587.446	5.499950000000354	trials	0.0	1.0	0.0	0.0	0.0	0.0	0.0	0.0	0.57	1.87	[3.57 3.57]	True	0.0
3596.569	5.499949999999899	trials	1.0	0.0	0.0	0.0	0.0	0.0	0.0	1.0	0.57	1.87	[3.57 3.57]	True	2.0
3605.683	5.499949999999899	trials	0.0	1.0	0.0	0.0	0.0	0.0	0.0	0.0	0.57	1.87	[3.57 3.57]	True	0.0
3615.03	5.499950000000354	trials	0.0	0.0	0.0	1.0	0.0	0.0	0.0	1.0	0.57	1.87	[3.57 3.57]	True	3.0
3626.632	5.499950000000354	trials	1.0	0.0	0.0	0.0	0.0	0.0	0.0	0.0	0.57	1.87	[3.57 3.57]	True	0.0
3635.792	5.499949999999899	trials	0.0	1.0	0.0	0.0	0.0	0.0	0.0	0.0	0.57	1.87	[3.57 3.57]	True	0.0
3644.939	5.499950000000354	trials	0.0	1.0	0.0	0.0	0.0	0.0	0.0	0.0	0.57	1.87	[3.57 3.57]	True	0.0
3654.178	5.499949999999899	trials	1.0	0.0	0.0	0.0	0.0	0.0	0.0	0.0	0.57	1.87	[3.57 3.57]	True	0.0
3663.303	5.499949999999899	trials	0.0	0.0	0.0	1.0	0.0	0.0	0.0	1.0	0.57	1.87	[3.57 3.57]	True	2.0
3674.906	5.499949999999899	trials	0.0	1.0	0.0	0.0	0.0	0.0	0.0	0.0	0.57	1.87	[3.57 3.57]	True	0.0
3684.023	5.499950000000354	trials	1.0	0.0	0.0	0.0	0.0	0.0	0.0	0.0	0.57	1.87	[3.57 3.57]	True	0.0
3693.362	5.499949999999899	trials	0.0	1.0	0.0	0.0	0.0	0.0	0.0	1.0	0.57	1.87	[3.57 3.57]	True	2.0
3702.621	5.499949999999899	trials	0.0	0.0	0.0	1.0	0.0	0.0	0.0	1.0	0.57	1.87	[3.57 3.57]	True	3.0
3714.319	5.499949999999899	trials	1.0	0.0	0.0	0.0	0.0	0.0	0.0	0.0	0.57	1.87	[3.57 3.57]	True	0.0
3723.445	5.499950000000354	trials	0.0	1.0	0.0	0.0	0.0	0.0	0.0	1.0	0.57	1.87	[3.57 3.57]	True	1.0
3732.986	5.499950000000354	trials	0.0	0.0	0.0	1.0	0.0	0.0	0.0	1.0	0.57	1.87	[3.57 3.57]	True	3.0
3744.582	5.499950000000354	trials	1.0	0.0	0.0	0.0	0.0	0.0	0.0	0.0	0.57	1.87	[3.57 3.57]	True	0.0
3753.729	5.499949999999899	trials	0.0	0.0	0.0	1.0	0.0	0.0	0.0	1.0	0.57	1.87	[3.57 3.57]	True	1.0
3765.356	5.499949999999899	trials	0.0	0.0	0.0	1.0	0.0	0.0	0.0	1.0	0.57	1.87	[3.57 3.57]	True	3.0
3776.957	5.499949999999899	trials	0.0	1.0	0.0	0.0	0.0	0.0	0.0	1.0	0.57	1.87	[3.57 3.57]	True	2.0
3786.105	5.499949999999899	trials	0.0	0.0	0.0	1.0	0.0	0.0	0.0	1.0	0.57	1.87	[3.57 3.57]	True	1.0
3797.728	5.499949999999899	trials	0.0	0.0	0.0	1.0	0.0	0.0	0.0	0.0	0.57	1.87	[3.57 3.57]	True	0.0
3809.422	5.499949999999899	trials	0.0	1.0	0.0	0.0	0.0	0.0	0.0	1.0	0.57	1.87	[3.57 3.57]	True	2.0
3818.609	5.499949999999899	trials	0.0	1.0	0.0	0.0	0.0	0.0	0.0	0.0	0.57	1.87	[3.57 3.57]	True	0.0
3827.792	5.499949999999899	trials	0.0	0.0	1.0	0.0	0.0	0.0	0.0	1.0	0.57	1.87	[3.57 3.57]	True	3.0
3839.53	5.499950000000354	trials	0.0	1.0	0.0	0.0	0.0	0.0	0.0	1.0	0.57	1.87	[3.57 3.57]	True	2.0
3848.633	5.499949999999899	trials	0.0	1.0	0.0	0.0	0.0	0.0	0.0	0.0	0.57	1.87	[3.57 3.57]	True	0.0
3857.788	5.499949999999899	trials	0.0	0.0	1.0	0.0	0.0	0.0	0.0	1.0	0.57	1.87	[3.57 3.57]	True	3.0
3869.527	5.499949999999899	trials	1.0	0.0	0.0	0.0	0.0	0.0	0.0	1.0	0.57	1.87	[3.57 3.57]	True	1.0
3878.74	5.499949999999899	trials	1.0	0.0	0.0	0.0	0.0	0.0	0.0	1.0	0.57	1.87	[3.57 3.57]	True	1.0
3887.878	5.499949999999899	trials	0.0	0.0	0.0	1.0	0.0	0.0	0.0	1.0	0.57	1.87	[3.57 3.57]	True	3.0
3899.509	5.499949999999899	trials	0.0	1.0	0.0	0.0	0.0	0.0	0.0	0.0	0.57	1.87	[3.57 3.57]	True	0.0
3908.638	5.499950000000354	trials	1.0	0.0	0.0	0.0	0.0	0.0	0.0	0.0	0.57	1.87	[3.57 3.57]	True	0.0
3917.824	5.499950000000354	trials	0.0	1.0	0.0	0.0	0.0	0.0	0.0	1.0	0.57	1.87	[3.57 3.57]	True	3.0
3937.992	5.499950000000354	trials	0.0	1.0	0.0	0.0	0.0	0.0	0.0	0.0	0.57	1.87	[3.57 3.57]	True	0.0
3950.384	5.499950000000354	trials	1.0	0.0	0.0	0.0	0.0	0.0	0.0	1.0	0.57	1.87	[3.57 3.57]	True	1.0
3959.511	5.499949999999899	trials	1.0	0.0	0.0	0.0	0.0	0.0	0.0	1.0	0.57	1.87	[3.57 3.57]	True	3.0
3968.724	5.499949999999899	trials	0.0	1.0	0.0	0.0	0.0	0.0	0.0	0.0	0.57	1.87	[3.57 3.57]	True	0.0
3977.89	5.499949999999899	trials	1.0	0.0	0.0	0.0	0.0	0.0	0.0	1.0	0.57	1.87	[3.57 3.57]	True	1.0
3987.05	5.499949999999899	trials	0.0	1.0	0.0	0.0	0.0	0.0	0.0	0.0	0.57	1.87	[3.57 3.57]	True	0.0
3996.225	5.499949999999899	trials	0.0	1.0	0.0	0.0	0.0	0.0	1.0	1.0	0.57	1.87	[4.8711 4.8711]	True	2.0
4006.657	5.499949999999899	trials	1.0	0.0	0.0	0.0	0.0	0.0	0.0	1.0	0.57	1.87	[3.57 3.57]	True	3.0
4015.781	5.499949999999899	trials	1.0	0.0	0.0	0.0	0.0	0.0	0.0	1.0	0.57	1.87	[3.57 3.57]	True	2.0
4024.981	5.499949999999899	trials	0.0	1.0	0.0	0.0	0.0	0.0	0.0	1.0	0.57	1.87	[3.57 3.57]	True	2.0
4034.113	5.499949999999899	trials	1.0	0.0	0.0	0.0	0.0	0.0	0.0	1.0	0.57	1.87	[3.57 3.57]	True	3.0
4043.297	5.499949999999899	trials	0.0	0.0	1.0	0.0	0.0	0.0	0.0	0.0	0.57	1.87	[3.57 3.57]	True	0.0
4054.923	5.499949999999899	trials	0.0	1.0	0.0	0.0	0.0	0.0	0.0	0.0	0.57	1.87	[3.57 3.57]	True	0.0
4064.089	5.499949999999899	trials	1.0	0.0	0.0	0.0	0.0	0.0	0.0	0.0	0.57	1.87	[3.57 3.57]	True	0.0
4073.32	5.499949999999899	trials	0.0	0.0	0.0	1.0	0.0	0.0	0.0	1.0	0.57	1.87	[3.57 3.57]	True	1.0
4085.007	5.499950000000354	trials	0.0	1.0	0.0	0.0	0.0	0.0	0.0	1.0	0.57	1.87	[3.57 3.57]	True	1.0
4094.232	5.499949999999444	trials	1.0	0.0	0.0	0.0	0.0	0.0	0.0	1.0	0.57	1.87	[3.57 3.57]	True	3.0
4103.359	5.499950000000354	trials	0.0	1.0	0.0	0.0	0.0	0.0	0.0	0.0	0.57	1.87	[3.57 3.57]	True	0.0
4112.502	5.499949999999444	trials	0.0	1.0	0.0	0.0	0.0	0.0	0.0	1.0	0.57	1.87	[3.57 3.57]	True	1.0
4121.665	5.499950000000354	trials	0.0	0.0	1.0	0.0	0.0	0.0	0.0	0.0	0.57	1.87	[3.57 3.57]	True	0.0
4133.327	5.499950000000354	trials	1.0	0.0	0.0	0.0	0.0	0.0	0.0	1.0	0.57	1.87	[3.57 3.57]	True	2.0
4142.486	5.499950000000354	trials	0.0	0.0	0.0	0.0	0.0	1.0	0.0	1.0	0.57	1.87	[3.57 3.57]	True	2.0
4151.605	5.499949999999444	trials	1.0	0.0	0.0	0.0	0.0	0.0	0.0	1.0	0.57	1.87	[3.57 3.57]	True	3.0
4160.814	5.499949999999444	trials	0.0	0.0	1.0	0.0	0.0	0.0	0.0	0.0	0.57	1.87	[3.57 3.57]	True	0.0
4172.427	5.499949999999444	trials	0.0	1.0	0.0	0.0	0.0	0.0	0.0	1.0	0.57	1.87	[3.57 3.57]	True	2.0
4181.587	5.499950000000354	trials	0.0	1.0	0.0	0.0	0.0	0.0	0.0	1.0	0.57	1.87	[3.57 3.57]	True	3.0
4190.889	5.499950000000354	trials	1.0	0.0	0.0	0.0	0.0	0.0	0.0	1.0	0.57	1.87	[3.57 3.57]	True	1.0
4200.152	5.499949999999444	trials	1.0	0.0	0.0	0.0	0.0	0.0	0.0	0.0	0.57	1.87	[3.57 3.57]	True	0.0
4209.342	5.499950000000354	trials	0.0	1.0	0.0	0.0	0.0	0.0	0.0	0.0	0.57	1.87	[3.57 3.57]	True	0.0
4218.488	5.499950000000354	trials	0.0	0.0	1.0	0.0	0.0	0.0	0.0	0.0	0.57	1.87	[3.57 3.57]	True	0.0
4230.251	5.499949999999444	trials	0.0	1.0	0.0	0.0	0.0	0.0	0.0	0.0	0.57	1.87	[3.57 3.57]	True	0.0
4239.414	5.499950000000354	trials	0.0	1.0	0.0	0.0	0.0	0.0	0.0	0.0	0.57	1.87	[3.57 3.57]	True	0.0
4248.892	5.499949999999444	trials	0.0	0.0	1.0	0.0	0.0	0.0	0.0	0.0	0.57	1.87	[3.57 3.57]	True	0.0
4260.557	5.499950000000354	trials	1.0	0.0	0.0	0.0	0.0	0.0	0.0	1.0	0.57	1.87	[3.57 3.57]	True	1.0
4269.743	5.499949999999444	trials	1.0	0.0	0.0	0.0	0.0	0.0	0.0	0.0	0.57	1.87	[3.57 3.57]	True	0.0
4279.012	5.499950000000354	trials	0.0	1.0	0.0	0.0	0.0	0.0	0.0	0.0	0.57	1.87	[3.57 3.57]	True	0.0
4292.273	5.499950000000354	trials	0.0	1.0	0.0	0.0	0.0	0.0	0.0	1.0	0.57	1.87	[3.57 3.57]	True	1.0
4301.639	5.499950000000354	trials	1.0	0.0	0.0	0.0	0.0	0.0	0.0	1.0	0.57	1.87	[3.57 3.57]	True	3.0
4310.82	5.499949999999444	trials	1.0	0.0	0.0	0.0	0.0	0.0	0.0	0.0	0.57	1.87	[3.57 3.57]	True	0.0
4320.015	5.499950000000354	trials	0.0	0.0	0.0	1.0	0.0	0.0	0.0	0.0	0.57	1.87	[3.57 3.57]	True	0.0
4331.678	5.499949999999444	trials	0.0	0.0	0.0	1.0	0.0	0.0	0.0	1.0	0.57	1.87	[3.57 3.57]	True	3.0
4343.327	5.499950000000354	trials	0.0	1.0	0.0	0.0	0.0	0.0	0.0	1.0	0.57	1.87	[3.57 3.57]	True	1.0
4352.501	5.499950000000354	trials	0.0	1.0	0.0	0.0	0.0	0.0	0.0	0.0	0.57	1.87	[3.57 3.57]	True	0.0
4361.905	5.499950000000354	trials	1.0	0.0	0.0	0.0	0.0	0.0	0.0	0.0	0.57	1.87	[3.57 3.57]	True	0.0
4371.125	5.499949999999444	trials	0.0	1.0	0.0	0.0	0.0	0.0	0.0	0.0	0.57	1.87	[3.57 3.57]	True	0.0
4380.362	5.499950000000354	trials	0.0	0.0	1.0	0.0	0.0	0.0	0.0	0.0	0.57	1.87	[3.57 3.57]	True	0.0
4392.049	5.499949999999444	trials	0.0	0.0	1.0	0.0	0.0	0.0	0.0	1.0	0.57	1.87	[3.57 3.57]	True	3.0
4403.769	5.499949999999444	trials	0.0	0.0	1.0	0.0	0.0	0.0	0.0	0.0	0.57	1.87	[3.57 3.57]	True	0.0
4415.473	5.499949999999444	trials	0.0	0.0	1.0	0.0	0.0	0.0	0.0	0.0	0.57	1.87	[3.57 3.57]	True	0.0
4427.151	5.499950000000354	trials	1.0	0.0	0.0	0.0	0.0	0.0	0.0	1.0	0.57	1.87	[3.57 3.57]	True	3.0
4436.36	5.499950000000354	trials	0.0	0.0	1.0	0.0	0.0	0.0	0.0	1.0	0.57	1.87	[3.57 3.57]	True	1.0
4448.017	5.499950000000354	trials	0.0	0.0	0.0	0.0	1.0	0.0	0.0	1.0	0.57	1.87	[3.57 3.57]	True	1.0
4457.156	5.499949999999444	trials	0.0	0.0	0.0	0.0	1.0	0.0	0.0	0.0	0.57	1.87	[3.57 3.57]	True	0.0
4466.281	5.499950000000354	trials	1.0	0.0	0.0	0.0	0.0	0.0	0.0	1.0	0.57	1.87	[3.57 3.57]	True	2.0
4475.613	5.499950000000354	trials	0.0	0.0	0.0	0.0	1.0	0.0	0.0	1.0	0.57	1.87	[3.57 3.57]	True	1.0
4484.789	5.499950000000354	trials	0.0	0.0	0.0	0.0	1.0	0.0	0.0	1.0	0.57	1.87	[3.57 3.57]	True	3.0
4493.975	5.499950000000354	trials	1.0	0.0	0.0	0.0	0.0	0.0	0.0	0.0	0.57	1.87	[3.57 3.57]	True	0.0
4503.163	5.499950000000354	trials	0.0	0.0	1.0	0.0	0.0	0.0	0.0	1.0	0.57	1.87	[3.57 3.57]	True	2.0
4514.979	5.499949999999444	trials	1.0	0.0	0.0	0.0	0.0	0.0	1.0	1.0	0.57	1.87	[5.1377 5.1377]	True	3.0
4525.742	5.499949999999444	trials	0.0	0.0	0.0	1.0	0.0	0.0	0.0	0.0	0.57	1.87	[3.57 3.57]	True	0.0
4537.429	5.499949999999444	trials	0.0	1.0	0.0	0.0	0.0	0.0	0.0	0.0	0.57	1.87	[3.57 3.57]	True	0.0
4546.795	5.499949999999444	trials	1.0	0.0	0.0	0.0	0.0	0.0	0.0	1.0	0.57	1.87	[3.57 3.57]	True	2.0
4556.016	5.499950000000354	trials	0.0	0.0	1.0	0.0	0.0	0.0	0.0	0.0	0.57	1.87	[3.57 3.57]	True	0.0
4567.775	5.499950000000354	trials	0.0	0.0	0.0	1.0	0.0	0.0	0.0	1.0	0.57	1.87	[3.57 3.57]	True	3.0
4579.444	5.499950000000354	trials	0.0	0.0	1.0	0.0	0.0	0.0	0.0	0.0	0.57	1.87	[3.57 3.57]	True	0.0
4591.117	5.499950000000354	trials	0.0	0.0	1.0	0.0	0.0	0.0	0.0	1.0	0.57	1.87	[3.57 3.57]	True	2.0
4602.784	5.499950000000354	trials	1.0	0.0	0.0	0.0	0.0	0.0	0.0	0.0	0.57	1.87	[3.57 3.57]	True	0.0
4612.141	5.499949999999444	trials	1.0	0.0	0.0	0.0	0.0	0.0	0.0	1.0	0.57	1.87	[3.57 3.57]	True	1.0
4621.317	5.499950000000354	trials	0.0	1.0	0.0	0.0	0.0	0.0	0.0	0.0	0.57	1.87	[3.57 3.57]	True	0.0
4630.538	5.499950000000354	trials	0.0	1.0	0.0	0.0	0.0	0.0	0.0	0.0	0.57	1.87	[3.57 3.57]	True	0.0
4639.905	5.499949999999444	trials	1.0	0.0	0.0	0.0	0.0	0.0	0.0	1.0	0.57	1.87	[3.57 3.57]	True	2.0
4649.107	5.499950000000354	trials	0.0	0.0	0.0	0.0	1.0	0.0	0.0	1.0	0.57	1.87	[3.57 3.57]	True	1.0
4658.279	5.499950000000354	trials	0.0	1.0	0.0	0.0	0.0	0.0	0.0	0.0	0.57	1.87	[3.57 3.57]	True	0.0
4667.497	5.499950000000354	trials	1.0	0.0	0.0	0.0	0.0	0.0	0.0	0.0	0.57	1.87	[3.57 3.57]	True	0.0
4676.683	5.499950000000354	trials	1.0	0.0	0.0	0.0	0.0	0.0	1.0	0.0	0.57	1.87	[6.4103 6.4103]	True	0.0
4688.739	5.499950000000354	trials	0.0	1.0	0.0	0.0	0.0	0.0	0.0	0.0	0.57	1.87	[3.57 3.57]	True	0.0
4697.945	5.499949999999444	trials	0.0	1.0	0.0	0.0	0.0	0.0	0.0	0.0	0.57	1.87	[3.57 3.57]	True	0.0
4707.273	5.499949999999444	trials	1.0	0.0	0.0	0.0	0.0	0.0	0.0	0.0	0.57	1.87	[3.57 3.57]	True	0.0
4716.526	5.499950000000354	trials	0.0	0.0	1.0	0.0	0.0	0.0	0.0	1.0	0.57	1.87	[3.57 3.57]	True	1.0
4728.203	5.499950000000354	trials	0.0	1.0	0.0	0.0	0.0	0.0	0.0	0.0	0.57	1.87	[3.57 3.57]	True	0.0
4737.475	5.499949999999444	trials	1.0	0.0	0.0	0.0	0.0	0.0	1.0	1.0	0.57	1.87	[4.89 4.89]	True	2.0
4748.01	5.499950000000354	trials	0.0	0.0	0.0	0.0	0.0	1.0	0.0	1.0	0.57	1.87	[3.57 3.57]	True	3.0
4757.151	5.499950000000354	trials	0.0	1.0	0.0	0.0	0.0	0.0	0.0	0.0	0.57	1.87	[3.57 3.57]	True	0.0
4766.395	5.499950000000354	trials	0.0	0.0	1.0	0.0	0.0	0.0	0.0	0.0	0.57	1.87	[3.57 3.57]	True	0.0
4778.095	5.499950000000354	trials	0.0	0.0	0.0	1.0	0.0	0.0	0.0	1.0	0.57	1.87	[3.57 3.57]	True	3.0
4789.769	5.499950000000354	trials	1.0	0.0	0.0	0.0	0.0	0.0	0.0	0.0	0.57	1.87	[3.57 3.57]	True	0.0
4798.978	5.499950000000354	trials	0.0	1.0	0.0	0.0	0.0	0.0	0.0	0.0	0.57	1.87	[3.57 3.57]	True	0.0
4808.303	5.499950000000354	trials	0.0	0.0	0.0	0.0	0.0	1.0	0.0	1.0	0.57	1.87	[3.57 3.57]	True	3.0
4817.467	5.499949999999444	trials	0.0	0.0	1.0	0.0	0.0	0.0	0.0	0.0	0.57	1.87	[3.57 3.57]	True	0.0
4829.189	5.499950000000354	trials	0.0	1.0	0.0	0.0	0.0	0.0	0.0	0.0	0.57	1.87	[3.57 3.57]	True	0.0
4838.455	5.499950000000354	trials	0.0	1.0	0.0	0.0	0.0	0.0	0.0	0.0	0.57	1.87	[3.57 3.57]	True	0.0
4847.698	5.499949999999444	trials	0.0	0.0	1.0	0.0	0.0	0.0	0.0	0.0	0.57	1.87	[3.57 3.57]	True	0.0
4859.465	5.499950000000354	trials	1.0	0.0	0.0	0.0	0.0	0.0	0.0	1.0			[ nan 3.57]	False	1.0
4868.697	5.499950000000354	trials	0.0	0.0	0.0	0.0	1.0	0.0	0.0	0.0			[ nan 3.57]	False	0.0
4877.873	5.499950000000354	trials	0.0	0.0	0.0	0.0	1.0	0.0	0.0	0.0			[ nan 3.57]	False	0.0
4887.032	5.499950000000354	trials	0.0	0.0	0.0	0.0	1.0	0.0	0.0	1.0			[ nan 3.57]	False	2.0
4896.209	5.499950000000354	trials	0.0	0.0	0.0	0.0	1.0	0.0	0.0	0.0			[ nan 3.57]	False	0.0
4905.395	5.499950000000354	trials	0.0	0.0	0.0	0.0	1.0	0.0	0.0	0.0			[ nan 3.57]	False	0.0
4914.592	5.499950000000354	trials	0.0	0.0	0.0	0.0	1.0	0.0	0.0	1.0			[ nan 3.57]	False	2.0
4923.759	5.499950000000354	trials	0.0	0.0	0.0	0.0	1.0	0.0	0.0	0.0			[ nan 3.57]	False	0.0
4932.934	5.499949999999444	trials	0.0	0.0	0.0	0.0	1.0	0.0	0.0	0.0			[ nan 3.57]	False	0.0
4942.123	5.499950000000354	trials	0.0	0.0	0.0	0.0	1.0	0.0	0.0	0.0			[ nan 3.57]	False	0.0
4951.351	5.499950000000354	trials	0.0	0.0	0.0	0.0	1.0	0.0	0.0	0.0			[ nan 3.57]	False	0.0
4960.539	5.499949999999444	trials	0.0	0.0	0.0	0.0	1.0	0.0	0.0	1.0			[ nan 3.57]	False	2.0
4969.727	5.499950000000354	trials	0.0	0.0	0.0	0.0	1.0	0.0	0.0	0.0			[ nan 3.57]	False	0.0
4978.912	5.499949999999444	trials	0.0	0.0	0.0	0.0	1.0	0.0	0.0	0.0			[ nan 3.57]	False	0.0
4988.11	5.499950000000354	trials	0.0	0.0	0.0	0.0	1.0	0.0	0.0	0.0			[ nan 3.57]	False	0.0
4997.322	5.499949999999444	trials	0.0	0.0	0.0	0.0	1.0	0.0	0.0	0.0			[ nan 3.57]	False	0.0
5006.487	5.499950000000354	trials	0.0	0.0	0.0	0.0	1.0	0.0	0.0	0.0			[ nan 3.57]	False	0.0
5015.742	5.499949999999444	trials	0.0	0.0	0.0	0.0	1.0	0.0	0.0	0.0			[ nan 3.57]	False	0.0
5024.934	5.499950000000354	trials	0.0	0.0	0.0	0.0	1.0	0.0	0.0	0.0			[ nan 3.57]	False	0.0
5034.11	5.499949999999444	trials	0.0	0.0	0.0	0.0	1.0	0.0	0.0	1.0			[ nan 3.57]	False	3.0
5043.321	5.499949999999444	trials	0.0	0.0	0.0	0.0	1.0	0.0	0.0	1.0			[ nan 3.57]	False	2.0
5052.511	5.499950000000354	trials	0.0	0.0	0.0	0.0	1.0	0.0	0.0	0.0			[ nan 3.57]	False	0.0
5061.724	5.499950000000354	trials	0.0	0.0	0.0	0.0	1.0	0.0	0.0	0.0			[ nan 3.57]	False	0.0
5070.914	5.499950000000354	trials	0.0	0.0	0.0	0.0	1.0	0.0	0.0	0.0			[ nan 3.57]	False	0.0
5080.098	5.499950000000354	trials	0.0	0.0	0.0	0.0	1.0	0.0	0.0	0.0			[ nan 3.57]	False	0.0
5089.333	5.499950000000354	trials	0.0	0.0	0.0	0.0	0.0	0.0	0.0	0.0			[ nan 3.57]	False	0.0
5098.556	5.499950000000354	trials	0.0	0.0	0.0	0.0	0.0	0.0	0.0	0.0			[ nan 3.57]	False	0.0
5107.785	5.499950000000354	trials	0.0	0.0	0.0	0.0	0.0	0.0	0.0	0.0			[ nan 3.57]	False	0.0
5116.976	5.499949999999444	trials	0.0	0.0	0.0	0.0	0.0	0.0	0.0	1.0			[ nan 3.57]	False	3.0
5126.168	5.499950000000354	trials	0.0	0.0	0.0	0.0	0.0	0.0	0.0	1.0			[ nan 3.57]	False	1.0
5135.397	5.499950000000354	trials	0.0	0.0	0.0	0.0	0.0	0.0	0.0	0.0			[ nan 3.57]	False	0.0
